timestamp,id,estado,pos_x,pos_y,evento
29654740,2,MANUAL,0,50,INFO
29654762,2,MANUAL,0,50,INFO
29654813,2,MANUAL,0,50,INFO
29654863,2,MANUAL,0,50,INFO
29654914,2,MANUAL,0,50,INFO
29654965,2,MANUAL,0,50,INFO
29655016,2,MANUAL,0,50,INFO
29655067,2,MANUAL,0,50,INFO
29655117,2,MANUAL,0,50,INFO
29655168,2,MANUAL,0,50,INFO
29655219,2,MANUAL,0,50,INFO
29655270,2,MANUAL,0,50,INFO
29655321,2,MANUAL,0,50,INFO
29655371,2,MANUAL,0,50,INFO
29655422,2,MANUAL,0,50,INFO
29655473,2,MANUAL,0,50,INFO
29655524,2,MANUAL,0,50,INFO
29655575,2,MANUAL,0,50,INFO
29655625,2,MANUAL,0,50,INFO
29655676,2,MANUAL,0,50,INFO
29655728,2,MANUAL,0,50,INFO
29655778,2,MANUAL,0,50,INFO
29655830,2,MANUAL,0,50,INFO
29655881,2,MANUAL,0,50,INFO
29655931,2,MANUAL,0,50,INFO
29655982,2,MANUAL,0,50,INFO
29656034,2,MANUAL,0,50,INFO
29656085,2,MANUAL,0,50,INFO
29656136,2,MANUAL,0,50,INFO
29656188,2,MANUAL,0,50,INFO
29656238,2,MANUAL,0,50,INFO
29656289,2,MANUAL,0,50,INFO
29656340,2,MANUAL,0,50,INFO
29656391,2,MANUAL,0,50,INFO
29656442,2,MANUAL,0,50,INFO
29656494,2,MANUAL,0,50,INFO
29656545,2,MANUAL,0,50,INFO
29656597,2,MANUAL,0,50,INFO
29656651,2,MANUAL,0,50,INFO
29656700,2,MANUAL,0,50,INFO
29656751,2,MANUAL,0,50,INFO
29656802,2,MANUAL,0,50,INFO
29656853,2,MANUAL,0,50,INFO
29656904,2,MANUAL,0,50,INFO
29656954,2,MANUAL,0,50,INFO
29657006,2,MANUAL,0,50,INFO
29657057,2,MANUAL,0,50,INFO
29657107,2,MANUAL,0,50,INFO
29657158,2,MANUAL,0,50,INFO
29657209,2,MANUAL,0,50,INFO
29657260,2,MANUAL,0,50,INFO
29657311,2,MANUAL,0,50,INFO
29657363,2,MANUAL,0,50,INFO
29657413,2,MANUAL,0,50,INFO
29657464,2,MANUAL,0,50,INFO
29657515,2,MANUAL,0,50,INFO
29657566,2,MANUAL,0,50,INFO
29657617,2,MANUAL,0,50,INFO
29657668,2,MANUAL,0,50,INFO
29657719,2,MANUAL,0,50,INFO
29657769,2,MANUAL,0,50,INFO
29657820,2,MANUAL,0,50,INFO
29657871,2,MANUAL,0,50,INFO
29657922,2,MANUAL,0,50,INFO
29657972,2,MANUAL,0,50,INFO
29658023,2,MANUAL,0,50,INFO
29658074,2,MANUAL,0,50,INFO
29658125,2,MANUAL,0,50,INFO
29658176,2,MANUAL,0,50,INFO
29658227,2,MANUAL,0,50,INFO
29658277,2,MANUAL,0,50,INFO
29658328,2,MANUAL,0,50,INFO
29658379,2,MANUAL,0,50,INFO
29658430,2,MANUAL,0,50,INFO
29658480,2,MANUAL,0,50,INFO
29658531,2,MANUAL,0,50,INFO
29658582,2,MANUAL,0,50,INFO
29658633,2,MANUAL,0,50,INFO
29658684,2,MANUAL,0,50,INFO
29658734,2,MANUAL,0,50,INFO
29658785,2,MANUAL,0,50,INFO
29658836,2,MANUAL,0,50,INFO
29658887,2,MANUAL,0,50,INFO
29658938,2,MANUAL,0,50,INFO
29658989,2,MANUAL,0,50,INFO
29659039,2,MANUAL,0,50,INFO
29659090,2,MANUAL,0,50,INFO
29659141,2,MANUAL,0,50,INFO
29659191,2,MANUAL,0,50,INFO
29659242,2,MANUAL,0,50,INFO
29659293,2,MANUAL,0,50,INFO
29659344,2,MANUAL,0,50,INFO
29659394,2,MANUAL,0,50,INFO
29659445,2,MANUAL,0,50,INFO
29659496,2,MANUAL,0,50,INFO
29659547,2,MANUAL,0,50,INFO
29659597,2,MANUAL,0,50,INFO
29659649,2,MANUAL,0,50,INFO
29659699,2,MANUAL,0,50,INFO
29659750,2,MANUAL,0,50,INFO
29659800,2,MANUAL,0,50,INFO
29659852,2,MANUAL,0,50,INFO
29659902,2,MANUAL,0,50,INFO
29659953,2,MANUAL,0,50,INFO
29660004,2,MANUAL,0,50,INFO
29660055,2,MANUAL,0,50,INFO
29660106,2,MANUAL,0,50,INFO
29660156,2,MANUAL,0,50,INFO
29660207,2,MANUAL,0,50,INFO
29660258,2,MANUAL,0,50,INFO
29660309,2,MANUAL,0,50,INFO
29660360,2,MANUAL,0,50,INFO
29660411,2,MANUAL,0,50,INFO
29660461,2,MANUAL,0,50,INFO
29660512,2,MANUAL,0,50,INFO
29660563,2,MANUAL,0,50,INFO
29660614,2,MANUAL,0,50,INFO
29660665,2,MANUAL,0,50,INFO
29660716,2,MANUAL,0,50,INFO
29660767,2,MANUAL,0,50,INFO
29660818,2,MANUAL,0,50,INFO
29660868,2,MANUAL,0,50,INFO
29660919,2,MANUAL,0,50,INFO
29660970,2,MANUAL,0,50,INFO
29661021,2,MANUAL,0,50,INFO
29661072,2,MANUAL,0,50,INFO
29661122,2,MANUAL,0,50,INFO
29661173,2,MANUAL,0,50,INFO
29661224,2,MANUAL,0,50,INFO
29661275,2,MANUAL,0,50,INFO
29661325,2,MANUAL,0,50,INFO
29661376,2,MANUAL,0,50,INFO
29661427,2,MANUAL,0,50,INFO
29661478,2,MANUAL,0,50,INFO
29661528,2,MANUAL,0,50,INFO
29661579,2,MANUAL,0,50,INFO
29661630,2,MANUAL,0,50,INFO
29661681,2,MANUAL,0,50,INFO
29661732,2,MANUAL,0,50,INFO
29661782,2,MANUAL,0,50,INFO
29661833,2,MANUAL,0,50,INFO
29661884,2,MANUAL,0,50,INFO
29661935,2,MANUAL,0,50,INFO
29661986,2,MANUAL,0,50,INFO
29662036,2,MANUAL,0,50,INFO
29662087,2,MANUAL,0,50,INFO
29662138,2,MANUAL,0,50,INFO
29662189,2,MANUAL,0,50,INFO
29662239,2,MANUAL,0,50,INFO
29662290,2,MANUAL,0,50,INFO
29662341,2,MANUAL,0,50,INFO
29662391,2,MANUAL,0,50,INFO
29662442,2,MANUAL,0,50,INFO
29662493,2,MANUAL,0,50,INFO
29662544,2,MANUAL,0,50,INFO
29662595,2,MANUAL,0,50,INFO
29662645,2,MANUAL,0,50,INFO
29662696,2,MANUAL,0,50,INFO
29662747,2,MANUAL,0,50,INFO
29662798,2,MANUAL,0,50,INFO
29662849,2,MANUAL,0,50,INFO
29662900,2,MANUAL,0,50,INFO
29662950,2,MANUAL,0,50,INFO
29663001,2,MANUAL,0,50,INFO
29663052,2,MANUAL,0,50,INFO
29663103,2,MANUAL,0,50,INFO
29663154,2,MANUAL,0,50,INFO
29663204,2,MANUAL,0,50,INFO
29663255,2,MANUAL,0,50,INFO
29663306,2,MANUAL,0,50,INFO
29663357,2,MANUAL,0,50,INFO
29663410,2,MANUAL,0,50,INFO
29663460,2,MANUAL,0,50,INFO
29663511,2,MANUAL,0,50,INFO
29663563,2,MANUAL,0,50,INFO
29663613,2,MANUAL,0,50,INFO
29663663,2,MANUAL,0,50,INFO
29663715,2,MANUAL,0,50,INFO
29663765,2,MANUAL,0,50,INFO
29663816,2,MANUAL,0,50,INFO
29663867,2,MANUAL,0,50,INFO
29663918,2,MANUAL,0,50,INFO
29663969,2,MANUAL,0,50,INFO
29664020,2,MANUAL,0,50,INFO
29664070,2,MANUAL,0,50,INFO
29664121,2,MANUAL,0,50,INFO
29664171,2,MANUAL,0,50,INFO
29664222,2,MANUAL,0,50,INFO
29664273,2,MANUAL,0,50,INFO
29664324,2,MANUAL,0,50,INFO
29664375,2,MANUAL,0,50,INFO
29664426,2,MANUAL,0,50,INFO
29664476,2,MANUAL,0,50,INFO
29664527,2,MANUAL,0,50,INFO
29664578,2,MANUAL,0,50,INFO
29664628,2,MANUAL,0,50,INFO
29664680,2,MANUAL,0,50,INFO
29664730,2,MANUAL,0,50,INFO
29664781,2,MANUAL,0,50,INFO
29664832,2,MANUAL,0,50,INFO
29664883,2,MANUAL,0,50,INFO
29664933,2,MANUAL,0,50,INFO
29664984,2,MANUAL,0,50,INFO
29665035,2,MANUAL,0,50,INFO
29665086,2,MANUAL,0,50,INFO
29665137,2,MANUAL,0,50,INFO
29665188,2,MANUAL,0,50,INFO
29665238,2,MANUAL,0,50,INFO
29665289,2,MANUAL,0,50,INFO
29665339,2,MANUAL,0,50,INFO
29665391,2,MANUAL,0,50,INFO
29665441,2,MANUAL,0,50,INFO
29665492,2,MANUAL,0,50,INFO
29665542,2,MANUAL,0,50,INFO
29665593,2,MANUAL,0,50,INFO
29665644,2,MANUAL,0,50,INFO
29665695,2,MANUAL,0,50,INFO
29665746,2,MANUAL,0,50,INFO
29665797,2,MANUAL,0,50,INFO
29665848,2,MANUAL,0,50,INFO
29665899,2,MANUAL,0,50,INFO
29665950,2,MANUAL,0,50,INFO
29666001,2,MANUAL,0,50,INFO
29666051,2,MANUAL,0,50,INFO
29666102,2,MANUAL,0,50,INFO
29666153,2,MANUAL,0,50,INFO
29666204,2,MANUAL,0,50,INFO
29666255,2,MANUAL,0,50,INFO
29666306,2,MANUAL,0,50,INFO
29666356,2,MANUAL,0,50,INFO
29666407,2,MANUAL,0,50,INFO
29666458,2,MANUAL,0,50,INFO
29666508,2,MANUAL,0,50,INFO
29666559,2,MANUAL,0,50,INFO
29666610,2,MANUAL,0,50,INFO
29666661,2,MANUAL,0,50,INFO
29666712,2,MANUAL,0,50,INFO
29666763,2,MANUAL,0,50,INFO
29666814,2,MANUAL,0,50,INFO
29666864,2,MANUAL,0,50,INFO
29666915,2,MANUAL,0,50,INFO
29666966,2,MANUAL,0,50,INFO
29667017,2,MANUAL,0,50,INFO
29667067,2,MANUAL,0,50,INFO
29667118,2,MANUAL,0,50,INFO
29667169,2,AUTOMATICO,0,50,INFO
29667220,2,AUTOMATICO,0,50,INFO
29667270,2,AUTOMATICO,0,50,INFO
29667321,2,AUTOMATICO,0,50,INFO
29667372,2,AUTOMATICO,0,50,INFO
29667423,2,AUTOMATICO,0,50,INFO
29667474,2,AUTOMATICO,0,50,INFO
29667525,2,AUTOMATICO,0,50,INFO
29667575,2,AUTOMATICO,0,50,INFO
29667627,2,AUTOMATICO,0,50,INFO
29667678,2,AUTOMATICO,0,50,INFO
29667728,2,AUTOMATICO,0,50,INFO
29667779,2,AUTOMATICO,0,50,INFO
29667830,2,AUTOMATICO,0,50,INFO
29667881,2,AUTOMATICO,0,50,INFO
29667932,2,AUTOMATICO,0,50,INFO
29667982,2,AUTOMATICO,0,50,INFO
29668033,2,AUTOMATICO,0,50,INFO
29668084,2,AUTOMATICO,1,50,INFO
29668135,2,AUTOMATICO,1,50,INFO
29668185,2,AUTOMATICO,1,50,INFO
29668236,2,AUTOMATICO,1,50,INFO
29668287,2,AUTOMATICO,1,50,INFO
29668338,2,AUTOMATICO,1,50,INFO
29668389,2,AUTOMATICO,2,50,INFO
29668439,2,AUTOMATICO,2,50,INFO
29668490,2,AUTOMATICO,2,51,INFO
29668541,2,AUTOMATICO,2,51,INFO
29668592,2,AUTOMATICO,3,51,INFO
29668643,2,AUTOMATICO,3,51,INFO
29668693,2,AUTOMATICO,3,51,INFO
29668744,2,AUTOMATICO,3,51,INFO
29668795,2,AUTOMATICO,3,51,INFO
29668846,2,AUTOMATICO,4,52,INFO
29668896,2,AUTOMATICO,4,52,INFO
29668947,2,AUTOMATICO,4,52,INFO
29668998,2,AUTOMATICO,4,52,INFO
29669048,2,AUTOMATICO,5,52,INFO
29669099,2,AUTOMATICO,5,53,INFO
29669150,2,AUTOMATICO,5,53,INFO
29669201,2,AUTOMATICO,5,53,INFO
29669251,2,AUTOMATICO,6,53,INFO
29669302,2,AUTOMATICO,6,53,INFO
29669353,2,AUTOMATICO,6,54,INFO
29669404,2,AUTOMATICO,7,54,INFO
29669454,2,AUTOMATICO,7,54,INFO
29669505,2,AUTOMATICO,7,54,INFO
29669556,2,AUTOMATICO,7,55,INFO
29669607,2,AUTOMATICO,8,55,INFO
29669657,2,AUTOMATICO,8,55,INFO
29669708,2,AUTOMATICO,8,56,INFO
29669759,2,AUTOMATICO,9,56,INFO
29669809,2,AUTOMATICO,9,56,INFO
29669860,2,AUTOMATICO,9,56,INFO
29669911,2,AUTOMATICO,9,57,INFO
29669962,2,AUTOMATICO,10,57,INFO
29670012,2,AUTOMATICO,10,57,INFO
29670063,2,AUTOMATICO,10,58,INFO
29670114,2,AUTOMATICO,11,58,INFO
29670164,2,AUTOMATICO,11,58,INFO
29670215,2,AUTOMATICO,11,59,INFO
29670266,2,AUTOMATICO,11,59,INFO
29670316,2,AUTOMATICO,12,59,INFO
29670367,2,AUTOMATICO,12,60,INFO
29670418,2,AUTOMATICO,12,60,INFO
29670468,2,AUTOMATICO,13,60,INFO
29670519,2,AUTOMATICO,13,61,INFO
29670570,2,AUTOMATICO,13,61,INFO
29670620,2,AUTOMATICO,14,61,INFO
29670671,2,AUTOMATICO,14,62,INFO
29670722,2,AUTOMATICO,14,62,INFO
29670773,2,AUTOMATICO,15,62,INFO
29670824,2,AUTOMATICO,15,63,INFO
29670874,2,AUTOMATICO,15,63,INFO
29670926,2,AUTOMATICO,15,63,INFO
29670977,2,AUTOMATICO,16,64,INFO
29671027,2,AUTOMATICO,16,64,INFO
29671078,2,AUTOMATICO,16,64,INFO
29671128,2,AUTOMATICO,17,65,INFO
29671179,2,AUTOMATICO,17,65,INFO
29671230,2,AUTOMATICO,17,65,INFO
29671281,2,AUTOMATICO,18,66,INFO
29671331,2,AUTOMATICO,18,66,INFO
29671382,2,AUTOMATICO,18,67,INFO
29671433,2,AUTOMATICO,19,67,INFO
29671483,2,AUTOMATICO,19,67,INFO
29671534,2,AUTOMATICO,19,68,INFO
29671585,2,AUTOMATICO,20,68,INFO
29671636,2,AUTOMATICO,20,68,INFO
29671687,2,AUTOMATICO,20,69,INFO
29671737,2,AUTOMATICO,21,69,INFO
29671789,2,AUTOMATICO,21,70,INFO
29671839,2,AUTOMATICO,21,70,INFO
29671890,2,AUTOMATICO,22,70,INFO
29671940,2,AUTOMATICO,22,71,INFO
29671991,2,AUTOMATICO,22,71,INFO
29672042,2,AUTOMATICO,23,72,INFO
29672093,2,AUTOMATICO,23,72,INFO
29672143,2,AUTOMATICO,23,72,INFO
29672194,2,AUTOMATICO,24,73,INFO
29672244,2,AUTOMATICO,24,73,INFO
29672295,2,AUTOMATICO,24,74,INFO
29672346,2,AUTOMATICO,24,74,INFO
29672400,2,AUTOMATICO,25,74,INFO
29672448,2,AUTOMATICO,25,75,INFO
29672499,2,AUTOMATICO,25,75,INFO
29672550,2,AUTOMATICO,26,76,INFO
29672601,2,AUTOMATICO,26,76,INFO
29672651,2,AUTOMATICO,26,76,INFO
29672702,2,AUTOMATICO,27,77,INFO
29672753,2,AUTOMATICO,27,77,INFO
29672804,2,AUTOMATICO,27,78,INFO
29672854,2,AUTOMATICO,28,78,INFO
29672905,2,AUTOMATICO,28,78,INFO
29672956,2,AUTOMATICO,28,79,INFO
29673006,2,AUTOMATICO,29,79,INFO
29673057,2,AUTOMATICO,29,80,INFO
29673108,2,AUTOMATICO,29,80,INFO
29673158,2,AUTOMATICO,30,80,INFO
29673209,2,AUTOMATICO,30,81,INFO
29673260,2,AUTOMATICO,30,81,INFO
29673310,2,AUTOMATICO,31,82,INFO
29673361,2,AUTOMATICO,31,82,INFO
29673412,2,AUTOMATICO,31,82,INFO
29673462,2,AUTOMATICO,32,83,INFO
29673513,2,AUTOMATICO,32,83,INFO
29673564,2,AUTOMATICO,32,84,INFO
29673614,2,AUTOMATICO,33,84,INFO
29673665,2,AUTOMATICO,33,85,INFO
29673716,2,AUTOMATICO,34,85,INFO
29673767,2,AUTOMATICO,34,85,INFO
29673818,2,AUTOMATICO,34,86,INFO
29673868,2,AUTOMATICO,35,86,INFO
29673919,2,AUTOMATICO,35,87,INFO
29673970,2,AUTOMATICO,35,87,INFO
29674020,2,AUTOMATICO,36,87,INFO
29674071,2,AUTOMATICO,36,88,FALHA_HIDR
29674122,2,DEFEITO,36,88,FALHA_HIDR
29674172,2,DEFEITO,37,89,FALHA_HIDR
29674223,2,DEFEITO,37,89,FALHA_HIDR
29674274,2,DEFEITO,37,89,FALHA_HIDR
29674325,2,DEFEITO,37,90,FALHA_HIDR
29674375,2,DEFEITO,38,90,FALHA_HIDR
29674426,2,DEFEITO,38,91,FALHA_HIDR
29674477,2,DEFEITO,38,91,FALHA_HIDR
29674527,2,DEFEITO,39,91,FALHA_HIDR
29674578,2,DEFEITO,39,92,FALHA_HIDR
29674629,2,DEFEITO,39,92,FALHA_HIDR
29674680,2,DEFEITO,39,92,FALHA_HIDR
29674731,2,DEFEITO,40,93,FALHA_HIDR
29674782,2,DEFEITO,40,93,FALHA_HIDR
29674832,2,DEFEITO,40,93,FALHA_HIDR
29674883,2,DEFEITO,40,94,FALHA_HIDR
29674934,2,DEFEITO,41,94,FALHA_HIDR
29674984,2,DEFEITO,41,94,FALHA_HIDR
29675035,2,DEFEITO,41,94,FALHA_HIDR
29675086,2,DEFEITO,41,95,FALHA_HIDR
29675137,2,DEFEITO,42,95,FALHA_HIDR
29675188,2,DEFEITO,42,95,FALHA_HIDR
29675238,2,DEFEITO,42,95,FALHA_HIDR
29675289,2,DEFEITO,42,96,FALHA_HIDR
29675340,2,DEFEITO,43,96,FALHA_HIDR
29675390,2,DEFEITO,43,96,FALHA_HIDR
29675441,2,DEFEITO,43,96,FALHA_HIDR
29675492,2,DEFEITO,43,97,FALHA_HIDR
29675543,2,DEFEITO,43,97,FALHA_HIDR
29675594,2,DEFEITO,43,97,FALHA_HIDR
29675645,2,DEFEITO,44,97,FALHA_HIDR
29675695,2,DEFEITO,44,98,FALHA_HIDR
29675746,2,DEFEITO,44,98,FALHA_HIDR
29675796,2,DEFEITO,44,98,FALHA_HIDR
29675847,2,DEFEITO,44,98,FALHA_HIDR
29675898,2,DEFEITO,44,98,FALHA_HIDR
29675949,2,DEFEITO,45,99,FALHA_HIDR
29675999,2,DEFEITO,45,99,FALHA_HIDR
29676050,2,DEFEITO,45,99,FALHA_HIDR
29676101,2,DEFEITO,45,99,FALHA_HIDR
29676152,2,DEFEITO,45,99,FALHA_HIDR
29676203,2,DEFEITO,45,99,FALHA_HIDR
29676253,2,DEFEITO,45,100,FALHA_HIDR
29676304,2,DEFEITO,46,100,FALHA_HIDR
29676355,2,DEFEITO,46,100,FALHA_HIDR
29676406,2,DEFEITO,46,100,FALHA_HIDR
29676456,2,DEFEITO,46,100,FALHA_HIDR
29676507,2,DEFEITO,46,100,FALHA_HIDR
29676558,2,DEFEITO,46,100,FALHA_HIDR
29676609,2,DEFEITO,46,101,FALHA_HIDR
29676659,2,DEFEITO,46,101,FALHA_HIDR
29676710,2,DEFEITO,47,101,FALHA_HIDR
29676760,2,DEFEITO,47,101,FALHA_HIDR
29676812,2,DEFEITO,47,101,FALHA_HIDR
29676862,2,DEFEITO,47,101,FALHA_HIDR
29676913,2,DEFEITO,47,101,FALHA_HIDR
29676964,2,DEFEITO,47,101,FALHA_HIDR
29677015,2,DEFEITO,47,102,FALHA_HIDR
29677065,2,DEFEITO,47,102,FALHA_HIDR
29677117,2,DEFEITO,47,102,FALHA_HIDR
29677167,2,DEFEITO,47,102,FALHA_HIDR
29677218,2,DEFEITO,47,102,FALHA_HIDR
29677268,2,DEFEITO,47,102,FALHA_HIDR
29677319,2,DEFEITO,48,102,FALHA_HIDR
29677370,2,DEFEITO,48,102,FALHA_HIDR
29677421,2,DEFEITO,48,102,FALHA_HIDR
29677472,2,DEFEITO,48,102,FALHA_HIDR
29677522,2,DEFEITO,48,103,FALHA_HIDR
29677573,2,DEFEITO,48,103,FALHA_HIDR
29677624,2,DEFEITO,48,103,FALHA_HIDR
29677675,2,DEFEITO,48,103,FALHA_HIDR
29677726,2,DEFEITO,48,103,FALHA_HIDR
29677776,2,DEFEITO,48,103,FALHA_HIDR
29677827,2,DEFEITO,48,103,FALHA_HIDR
29677878,2,DEFEITO,48,103,FALHA_HIDR
29677929,2,DEFEITO,48,103,FALHA_HIDR
29677979,2,DEFEITO,48,103,FALHA_HIDR
29678030,2,DEFEITO,48,103,FALHA_HIDR
29678081,2,DEFEITO,48,103,FALHA_HIDR
29678132,2,DEFEITO,49,103,FALHA_HIDR
29678182,2,DEFEITO,49,103,FALHA_HIDR
29678233,2,DEFEITO,49,103,FALHA_HIDR
29678284,2,DEFEITO,49,104,FALHA_HIDR
29678335,2,DEFEITO,49,104,FALHA_HIDR
29678385,2,DEFEITO,49,104,FALHA_HIDR
29678436,2,DEFEITO,49,104,FALHA_HIDR
29678487,2,DEFEITO,49,104,FALHA_HIDR
29678538,2,DEFEITO,49,104,FALHA_HIDR
29678588,2,DEFEITO,49,104,FALHA_HIDR
29678639,2,DEFEITO,49,104,FALHA_HIDR
29678690,2,DEFEITO,49,104,FALHA_HIDR
29678741,2,DEFEITO,49,104,FALHA_HIDR
29678791,2,DEFEITO,49,104,FALHA_HIDR
29678842,2,DEFEITO,49,104,FALHA_HIDR
29678893,2,DEFEITO,49,104,FALHA_HIDR
29678944,2,DEFEITO,49,104,FALHA_HIDR
29678994,2,DEFEITO,49,104,FALHA_HIDR
29679045,2,DEFEITO,49,104,FALHA_HIDR
29679096,2,DEFEITO,49,104,FALHA_HIDR
29679146,2,DEFEITO,49,104,FALHA_HIDR
29679197,2,DEFEITO,49,104,FALHA_HIDR
29679248,2,DEFEITO,49,104,FALHA_HIDR
29679299,2,DEFEITO,49,104,FALHA_HIDR
29679350,2,DEFEITO,49,104,FALHA_HIDR
29679401,2,DEFEITO,49,105,FALHA_HIDR
29679451,2,DEFEITO,49,105,FALHA_HIDR
29679502,2,DEFEITO,49,105,FALHA_HIDR
29679553,2,DEFEITO,50,105,FALHA_HIDR
29679603,2,DEFEITO,50,105,FALHA_HIDR
29679654,2,DEFEITO,50,105,FALHA_HIDR
29679705,2,DEFEITO,50,105,FALHA_HIDR
29679756,2,DEFEITO,50,105,FALHA_HIDR
29679806,2,DEFEITO,50,105,FALHA_HIDR
29679857,2,DEFEITO,50,105,FALHA_HIDR
29679908,2,DEFEITO,50,105,FALHA_HIDR
29679959,2,DEFEITO,50,105,FALHA_HIDR
29680010,2,DEFEITO,50,105,FALHA_HIDR
29680061,2,DEFEITO,50,105,FALHA_HIDR
29680111,2,DEFEITO,50,105,FALHA_HIDR
29680162,2,DEFEITO,50,105,FALHA_HIDR
29680213,2,DEFEITO,50,105,FALHA_HIDR
29680264,2,DEFEITO,50,105,FALHA_HIDR
29680314,2,DEFEITO,50,105,FALHA_HIDR
29680365,2,DEFEITO,50,105,FALHA_HIDR
29680416,2,DEFEITO,50,105,FALHA_HIDR
29680467,2,DEFEITO,50,105,FALHA_HIDR
29680517,2,DEFEITO,50,105,FALHA_HIDR
29680568,2,DEFEITO,50,105,FALHA_HIDR
29680619,2,DEFEITO,50,105,FALHA_HIDR
29680670,2,DEFEITO,50,105,FALHA_HIDR
29680721,2,DEFEITO,50,105,FALHA_HIDR
29680772,2,DEFEITO,50,105,FALHA_HIDR
29680823,2,DEFEITO,50,105,FALHA_HIDR
29680873,2,DEFEITO,50,105,FALHA_HIDR
29680924,2,DEFEITO,50,105,FALHA_HIDR
29680975,2,DEFEITO,50,105,FALHA_HIDR
29681026,2,DEFEITO,50,105,FALHA_HIDR
29681076,2,DEFEITO,50,105,FALHA_HIDR
29681127,2,DEFEITO,50,105,FALHA_HIDR
29681178,2,DEFEITO,50,105,FALHA_HIDR
29681228,2,DEFEITO,50,105,FALHA_HIDR
29681279,2,DEFEITO,50,105,FALHA_HIDR
29681330,2,DEFEITO,50,105,FALHA_HIDR
29681381,2,DEFEITO,50,105,FALHA_HIDR
29681432,2,DEFEITO,50,105,FALHA_HIDR
29681483,2,DEFEITO,50,105,FALHA_HIDR
29681533,2,DEFEITO,50,105,FALHA_HIDR
29681584,2,DEFEITO,50,105,FALHA_HIDR
29681635,2,DEFEITO,50,105,FALHA_HIDR
29681686,2,DEFEITO,50,105,FALHA_HIDR
29681736,2,DEFEITO,50,105,FALHA_HIDR
29681787,2,DEFEITO,50,105,FALHA_HIDR
29681838,2,DEFEITO,50,105,FALHA_HIDR
29681889,2,DEFEITO,50,105,FALHA_HIDR
29681939,2,DEFEITO,50,105,FALHA_HIDR
29681991,2,DEFEITO,50,105,FALHA_HIDR
29682041,2,DEFEITO,50,105,FALHA_HIDR
29682092,2,DEFEITO,50,105,FALHA_HIDR
29682143,2,DEFEITO,50,105,FALHA_HIDR
29682194,2,DEFEITO,50,105,FALHA_HIDR
29682245,2,DEFEITO,50,105,FALHA_HIDR
29682295,2,DEFEITO,50,105,FALHA_HIDR
29682347,2,DEFEITO,50,105,FALHA_HIDR
29682397,2,DEFEITO,50,105,FALHA_HIDR
29682448,2,DEFEITO,50,105,FALHA_HIDR
29682498,2,DEFEITO,50,106,FALHA_HIDR
29682549,2,DEFEITO,50,106,FALHA_HIDR
29682599,2,DEFEITO,50,106,FALHA_HIDR
29682651,2,DEFEITO,50,106,INFO
29682710,2,DEFEITO,50,106,INFO
29682753,2,DEFEITO,50,106,INFO
29682804,2,DEFEITO,50,106,INFO
29682854,2,DEFEITO,50,106,INFO
29682905,2,DEFEITO,50,106,INFO
29682956,2,DEFEITO,50,106,INFO
29683007,2,DEFEITO,50,106,INFO
29683057,2,DEFEITO,50,106,INFO
29683108,2,DEFEITO,50,106,INFO
29683159,2,DEFEITO,50,106,INFO
29683210,2,DEFEITO,50,106,INFO
29683261,2,DEFEITO,50,106,INFO
29683311,2,DEFEITO,50,106,INFO
29683362,2,DEFEITO,50,106,INFO
29683413,2,DEFEITO,50,106,INFO
29683464,2,DEFEITO,50,106,INFO
29683515,2,DEFEITO,50,106,INFO
29683566,2,DEFEITO,50,106,INFO
29683617,2,DEFEITO,50,106,INFO
29683667,2,DEFEITO,50,106,INFO
29683718,2,DEFEITO,50,106,INFO
29683769,2,DEFEITO,50,106,INFO
29683820,2,DEFEITO,50,106,INFO
29683871,2,DEFEITO,50,106,INFO
29683921,2,DEFEITO,50,106,INFO
29683972,2,DEFEITO,50,106,INFO
29684023,2,DEFEITO,50,106,INFO
29684073,2,DEFEITO,50,106,INFO
29684124,2,DEFEITO,50,106,INFO
29684175,2,DEFEITO,50,106,INFO
29684225,2,DEFEITO,50,106,INFO
29684276,2,DEFEITO,50,106,INFO
29684327,2,DEFEITO,50,106,INFO
29684378,2,DEFEITO,50,106,INFO
29684428,2,DEFEITO,50,106,INFO
29684479,2,DEFEITO,50,106,INFO
29684530,2,DEFEITO,50,106,INFO
29684581,2,DEFEITO,50,106,INFO
29684631,2,DEFEITO,50,106,INFO
29684682,2,DEFEITO,50,106,INFO
29684733,2,DEFEITO,50,106,INFO
29684784,2,DEFEITO,50,106,INFO
29684834,2,DEFEITO,50,106,INFO
29684885,2,DEFEITO,50,106,INFO
29684936,2,DEFEITO,50,106,INFO
29684987,2,DEFEITO,50,106,INFO
29685038,2,DEFEITO,50,106,INFO
29685089,2,DEFEITO,50,106,INFO
29685139,2,DEFEITO,50,106,INFO
29685190,2,DEFEITO,50,106,INFO
29685241,2,DEFEITO,50,106,INFO
29685292,2,DEFEITO,50,106,INFO
29685343,2,DEFEITO,50,106,INFO
29685393,2,DEFEITO,50,106,INFO
29685444,2,DEFEITO,50,106,INFO
29685495,2,DEFEITO,50,106,INFO
29685546,2,DEFEITO,50,106,INFO
29685597,2,DEFEITO,50,106,INFO
29685647,2,DEFEITO,50,106,INFO
29685698,2,DEFEITO,50,106,INFO
29685749,2,DEFEITO,50,106,INFO
29685799,2,DEFEITO,50,106,INFO
29685850,2,DEFEITO,50,106,INFO
29685902,2,DEFEITO,50,106,INFO
29685952,2,DEFEITO,50,106,INFO
29686003,2,DEFEITO,50,106,INFO
29686054,2,DEFEITO,50,106,INFO
29686104,2,DEFEITO,50,106,INFO
29686155,2,DEFEITO,50,106,INFO
29686206,2,DEFEITO,50,106,INFO
29686257,2,DEFEITO,50,106,INFO
29686307,2,DEFEITO,50,106,INFO
29686358,2,DEFEITO,50,106,INFO
29686409,2,DEFEITO,50,106,INFO
29686460,2,DEFEITO,50,106,INFO
29686511,2,DEFEITO,50,106,INFO
29686562,2,DEFEITO,50,106,INFO
29686613,2,DEFEITO,50,106,INFO
29686663,2,DEFEITO,50,106,INFO
29686714,2,DEFEITO,50,106,INFO
29686765,2,DEFEITO,50,106,INFO
29686815,2,DEFEITO,50,106,INFO
29686866,2,DEFEITO,50,106,INFO
29686917,2,DEFEITO,50,106,INFO
29686967,2,DEFEITO,50,106,INFO
29687018,2,DEFEITO,50,106,INFO
29687069,2,DEFEITO,50,106,INFO
29687120,2,DEFEITO,50,106,INFO
29687171,2,DEFEITO,50,106,INFO
29687221,2,DEFEITO,50,106,INFO
29687272,2,DEFEITO,50,106,INFO
29687324,2,DEFEITO,50,106,INFO
29687373,2,DEFEITO,50,106,INFO
29687424,2,DEFEITO,50,106,INFO
29687475,2,DEFEITO,50,106,INFO
29687526,2,DEFEITO,50,106,INFO
29687577,2,DEFEITO,50,106,INFO
29687627,2,DEFEITO,50,106,INFO
29687678,2,DEFEITO,50,106,INFO
29687729,2,DEFEITO,50,106,INFO
29687780,2,DEFEITO,50,106,INFO
29687830,2,DEFEITO,50,106,INFO
29687881,2,DEFEITO,50,106,INFO
29687932,2,DEFEITO,50,106,INFO
29687983,2,DEFEITO,50,106,INFO
29688034,2,DEFEITO,50,106,INFO
29688084,2,DEFEITO,50,106,INFO
29688135,2,DEFEITO,50,106,INFO
29688186,2,DEFEITO,50,106,INFO
29688237,2,DEFEITO,50,106,INFO
29688288,2,DEFEITO,50,106,INFO
29688339,2,DEFEITO,50,106,INFO
29688390,2,DEFEITO,50,106,INFO
29688440,2,DEFEITO,50,106,INFO
29688491,2,DEFEITO,50,106,INFO
29688542,2,DEFEITO,50,106,INFO
29688592,2,DEFEITO,50,106,INFO
29688643,2,DEFEITO,50,106,INFO
29688694,2,DEFEITO,50,106,INFO
29688745,2,DEFEITO,50,106,INFO
29688796,2,DEFEITO,50,106,INFO
29688847,2,DEFEITO,50,106,INFO
29688897,2,DEFEITO,50,106,INFO
29688948,2,DEFEITO,50,106,INFO
29688999,2,DEFEITO,50,106,INFO
29689050,2,DEFEITO,50,106,INFO
29689101,2,DEFEITO,50,106,INFO
29689151,2,DEFEITO,50,106,INFO
29689203,2,DEFEITO,50,106,INFO
29689253,2,DEFEITO,50,106,INFO
29689304,2,MANUAL,50,106,INFO
29689355,2,MANUAL,50,106,INFO
29689406,2,MANUAL,50,106,INFO
29689456,2,MANUAL,50,106,INFO
29689507,2,MANUAL,50,106,INFO
29689558,2,MANUAL,50,106,INFO
29689609,2,MANUAL,50,106,INFO
29689660,2,MANUAL,50,106,INFO
29689710,2,MANUAL,50,106,INFO
29689762,2,MANUAL,50,106,INFO
29689813,2,MANUAL,50,106,INFO
29689863,2,MANUAL,50,106,INFO
29689914,2,MANUAL,50,106,INFO
29689965,2,MANUAL,50,106,INFO
29690016,2,MANUAL,50,106,INFO
29690067,2,MANUAL,50,106,INFO
29690118,2,MANUAL,50,106,INFO
29690169,2,MANUAL,50,106,INFO
29690219,2,MANUAL,50,106,INFO
29690270,2,MANUAL,50,106,INFO
29690321,2,MANUAL,50,106,INFO
29690372,2,MANUAL,50,106,INFO
29690422,2,MANUAL,50,106,INFO
29690473,2,MANUAL,50,106,INFO
29690524,2,MANUAL,50,106,INFO
29690576,2,MANUAL,50,106,INFO
29690627,2,MANUAL,50,106,INFO
29690677,2,MANUAL,50,106,INFO
29690728,2,MANUAL,50,106,INFO
29690779,2,MANUAL,50,106,INFO
29690830,2,MANUAL,50,106,INFO
29690881,2,MANUAL,50,106,INFO
29690931,2,MANUAL,50,106,INFO
29690982,2,MANUAL,50,106,INFO
29691033,2,MANUAL,50,106,INFO
29691083,2,MANUAL,50,106,INFO
29691134,2,MANUAL,50,106,INFO
29691185,2,MANUAL,50,106,INFO
29691236,2,MANUAL,50,106,INFO
29691287,2,MANUAL,50,106,INFO
29691338,2,MANUAL,50,106,INFO
29691389,2,MANUAL,50,106,INFO
29691439,2,MANUAL,50,106,INFO
29691490,2,MANUAL,50,106,INFO
29691541,2,MANUAL,50,106,INFO
29691591,2,MANUAL,50,106,INFO
29691642,2,MANUAL,50,106,INFO
29691693,2,MANUAL,50,106,INFO
29691744,2,MANUAL,50,106,INFO
29691795,2,MANUAL,50,106,INFO
29691846,2,MANUAL,50,106,INFO
29691897,2,MANUAL,50,106,INFO
29691948,2,MANUAL,50,106,INFO
29691999,2,MANUAL,50,106,INFO
29692049,2,MANUAL,50,106,INFO
29692100,2,MANUAL,50,106,INFO
29692151,2,MANUAL,50,106,INFO
29692202,2,MANUAL,50,106,INFO
29692253,2,MANUAL,50,106,INFO
29692303,2,MANUAL,50,106,INFO
29692354,2,MANUAL,50,106,INFO
29692405,2,MANUAL,50,106,INFO
29692456,2,MANUAL,50,106,INFO
29692507,2,MANUAL,50,106,INFO
29692557,2,MANUAL,50,106,INFO
29692608,2,MANUAL,50,106,INFO
29692659,2,MANUAL,50,106,INFO
29692710,2,MANUAL,50,106,INFO
29692761,2,MANUAL,50,106,INFO
29692812,2,MANUAL,50,106,INFO
29692863,2,MANUAL,50,106,INFO
29692913,2,MANUAL,50,106,INFO
29692964,2,MANUAL,50,106,INFO
29693015,2,MANUAL,50,106,INFO
29693066,2,MANUAL,50,106,INFO
29693116,2,MANUAL,50,106,INFO
29693167,2,MANUAL,50,106,INFO
29693218,2,MANUAL,50,106,INFO
29693269,2,MANUAL,50,106,INFO
29693320,2,MANUAL,50,106,INFO
29693370,2,MANUAL,50,106,INFO
29693421,2,MANUAL,50,106,INFO
29693473,2,MANUAL,50,106,INFO
29693523,2,MANUAL,50,106,INFO
29693574,2,MANUAL,50,106,INFO
29693625,2,MANUAL,50,106,INFO
29693676,2,MANUAL,50,106,INFO
29693726,2,MANUAL,50,106,INFO
29693777,2,MANUAL,50,106,INFO
29693828,2,MANUAL,50,106,INFO
29693879,2,MANUAL,50,106,INFO
29693929,2,MANUAL,50,106,INFO
29693980,2,MANUAL,50,106,INFO
29694031,2,MANUAL,50,106,INFO
29694082,2,MANUAL,50,106,INFO
29694133,2,MANUAL,50,106,INFO
29694184,2,MANUAL,50,106,INFO
29694235,2,MANUAL,50,106,INFO
29694285,2,MANUAL,50,106,INFO
29694336,2,MANUAL,50,106,INFO
29694387,2,MANUAL,50,106,INFO
29694438,2,MANUAL,50,106,INFO
29694489,2,MANUAL,50,106,INFO
29694539,2,MANUAL,50,106,INFO
29694590,2,MANUAL,50,106,INFO
29694641,2,MANUAL,50,106,INFO
29694692,2,MANUAL,50,106,INFO
29694743,2,MANUAL,50,106,INFO
29694794,2,MANUAL,50,106,INFO
29694844,2,MANUAL,50,106,INFO
29694895,2,MANUAL,50,106,INFO
29694946,2,MANUAL,50,106,INFO
29694997,2,MANUAL,50,106,INFO
29695048,2,MANUAL,50,106,INFO
29695098,2,MANUAL,50,106,INFO
29695149,2,MANUAL,50,106,INFO
29695200,2,MANUAL,50,106,INFO
29695251,2,MANUAL,50,106,INFO
29695302,2,MANUAL,50,106,INFO
29695353,2,MANUAL,50,106,INFO
29695404,2,MANUAL,50,106,INFO
29695454,2,MANUAL,50,106,INFO
29695505,2,MANUAL,50,106,INFO
29695556,2,MANUAL,50,106,INFO
29695607,2,MANUAL,50,106,INFO
29695658,2,MANUAL,50,106,INFO
29695709,2,MANUAL,50,106,INFO
29695759,2,MANUAL,50,106,INFO
29695810,2,MANUAL,50,106,INFO
29695861,2,MANUAL,50,106,INFO
29695912,2,MANUAL,50,106,INFO
29695963,2,MANUAL,50,106,INFO
29696013,2,MANUAL,50,106,INFO
29696064,2,MANUAL,50,106,INFO
29696115,2,MANUAL,50,106,INFO
29696165,2,MANUAL,50,106,INFO
29696216,2,MANUAL,50,106,INFO
29696267,2,MANUAL,50,106,INFO
29696318,2,MANUAL,50,106,INFO
29696369,2,MANUAL,50,106,INFO
29696421,2,MANUAL,50,106,INFO
29696471,2,MANUAL,50,106,INFO
29696522,2,MANUAL,50,106,INFO
29696573,2,MANUAL,50,106,INFO
29696624,2,MANUAL,50,106,INFO
29696675,2,MANUAL,50,106,INFO
29696725,2,MANUAL,50,106,INFO
29696776,2,MANUAL,50,106,INFO
29696827,2,MANUAL,50,106,INFO
29696878,2,MANUAL,50,106,INFO
29696928,2,MANUAL,50,106,INFO
29696980,2,MANUAL,50,106,INFO
29697031,2,MANUAL,50,106,INFO
29697081,2,MANUAL,50,106,INFO
29697133,2,MANUAL,50,106,INFO
29697183,2,MANUAL,50,106,INFO
29697234,2,MANUAL,50,106,INFO
29697285,2,MANUAL,50,106,INFO
29697336,2,MANUAL,50,106,INFO
29697386,2,MANUAL,50,106,INFO
29697437,2,MANUAL,50,106,INFO
29697488,2,MANUAL,50,106,INFO
29697539,2,MANUAL,50,106,INFO
29697590,2,MANUAL,50,106,INFO
29697641,2,MANUAL,50,106,INFO
29697692,2,MANUAL,50,106,INFO
29697742,2,MANUAL,50,106,INFO
29697793,2,MANUAL,50,106,INFO
29697844,2,MANUAL,50,106,INFO
29697895,2,MANUAL,50,106,INFO
29697946,2,MANUAL,50,106,INFO
29697997,2,MANUAL,50,106,INFO
29698047,2,MANUAL,50,106,INFO
29698098,2,MANUAL,50,106,INFO
29698149,2,MANUAL,50,106,INFO
29698200,2,MANUAL,50,106,INFO
29698251,2,MANUAL,50,106,INFO
29698301,2,MANUAL,50,106,INFO
29698352,2,MANUAL,50,106,INFO
29698403,2,MANUAL,50,106,INFO
29698454,2,MANUAL,50,106,INFO
29698505,2,MANUAL,50,106,INFO
29698556,2,MANUAL,50,106,INFO
29698606,2,MANUAL,50,106,INFO
29698657,2,MANUAL,50,106,INFO
29698708,2,MANUAL,50,106,INFO
29698759,2,MANUAL,50,106,INFO
29698810,2,MANUAL,50,106,INFO
29698861,2,MANUAL,50,106,INFO
29698912,2,MANUAL,50,106,INFO
29698963,2,MANUAL,50,106,INFO
29699013,2,MANUAL,50,106,INFO
29699064,2,MANUAL,50,106,INFO
29699115,2,MANUAL,50,106,INFO
29699166,2,MANUAL,50,106,INFO
29699216,2,MANUAL,50,106,INFO
29699267,2,MANUAL,50,106,INFO
29699318,2,MANUAL,50,106,INFO
29699369,2,MANUAL,50,106,INFO
29699420,2,MANUAL,50,106,INFO
29699471,2,MANUAL,50,106,INFO
29699522,2,MANUAL,50,106,INFO
29699573,2,MANUAL,50,106,INFO
29699624,2,MANUAL,50,106,INFO
29699675,2,MANUAL,50,106,INFO
29699726,2,MANUAL,50,106,INFO
29699777,2,MANUAL,50,106,INFO
29699828,2,MANUAL,50,106,INFO
29699878,2,MANUAL,50,106,INFO
29699929,2,MANUAL,50,106,INFO
29699980,2,MANUAL,50,106,INFO
29700031,2,MANUAL,50,106,INFO
29700082,2,MANUAL,50,106,INFO
29700133,2,MANUAL,50,106,INFO
29700184,2,MANUAL,50,106,INFO
29700235,2,MANUAL,50,106,INFO
29700286,2,MANUAL,50,106,INFO
29700337,2,MANUAL,50,106,INFO
29700387,2,MANUAL,50,106,INFO
29700438,2,MANUAL,50,106,INFO
29700489,2,MANUAL,50,106,INFO
29700540,2,MANUAL,50,106,INFO
29700591,2,MANUAL,50,106,INFO
29700642,2,MANUAL,50,106,INFO
29700693,2,MANUAL,50,106,INFO
29700743,2,MANUAL,50,106,INFO
29700794,2,MANUAL,50,106,INFO
29700845,2,MANUAL,50,106,INFO
29700896,2,MANUAL,50,106,INFO
29700947,2,MANUAL,50,106,INFO
29700998,2,MANUAL,50,106,INFO
29701048,2,MANUAL,50,106,INFO
29701099,2,MANUAL,50,106,INFO
29701150,2,MANUAL,50,106,INFO
29701201,2,MANUAL,50,106,INFO
29701252,2,MANUAL,50,106,INFO
29701302,2,MANUAL,50,106,INFO
29701353,2,MANUAL,50,106,INFO
29701404,2,MANUAL,50,106,INFO
29701455,2,MANUAL,50,106,INFO
29701505,2,MANUAL,50,106,INFO
29701556,2,AUTOMATICO,50,106,INFO
29701610,2,AUTOMATICO,50,106,INFO
29701658,2,AUTOMATICO,50,106,INFO
29701709,2,AUTOMATICO,50,106,INFO
29701760,2,AUTOMATICO,50,106,INFO
29701811,2,AUTOMATICO,50,106,INFO
29701861,2,AUTOMATICO,50,106,INFO
29701912,2,AUTOMATICO,50,106,INFO
29701963,2,AUTOMATICO,50,106,INFO
29702014,2,AUTOMATICO,51,106,INFO
29702064,2,AUTOMATICO,51,106,INFO
29702115,2,AUTOMATICO,51,106,INFO
29702165,2,AUTOMATICO,51,106,INFO
29702216,2,AUTOMATICO,51,106,INFO
29702267,2,AUTOMATICO,51,106,INFO
29702318,2,AUTOMATICO,51,106,INFO
29702368,2,AUTOMATICO,51,106,INFO
29702419,2,AUTOMATICO,51,107,INFO
29702470,2,AUTOMATICO,51,107,INFO
29702521,2,AUTOMATICO,51,107,INFO
29702572,2,AUTOMATICO,51,107,INFO
29702622,2,AUTOMATICO,51,107,INFO
29702673,2,AUTOMATICO,52,107,INFO
29702724,2,AUTOMATICO,52,107,INFO
29702775,2,AUTOMATICO,52,108,INFO
29702825,2,AUTOMATICO,52,108,INFO
29702876,2,AUTOMATICO,52,108,INFO
29702926,2,AUTOMATICO,52,108,INFO
29702977,2,AUTOMATICO,52,108,INFO
29703028,2,AUTOMATICO,52,109,INFO
29703079,2,AUTOMATICO,53,109,INFO
29703129,2,AUTOMATICO,53,109,INFO
29703180,2,AUTOMATICO,53,109,INFO
29703231,2,AUTOMATICO,53,110,INFO
29703282,2,AUTOMATICO,53,110,INFO
29703332,2,AUTOMATICO,53,110,INFO
29703383,2,AUTOMATICO,54,110,INFO
29703434,2,AUTOMATICO,54,111,INFO
29703485,2,AUTOMATICO,54,111,INFO
29703535,2,AUTOMATICO,54,111,INFO
29703586,2,AUTOMATICO,54,112,INFO
29703637,2,AUTOMATICO,55,112,INFO
29703687,2,AUTOMATICO,55,112,INFO
29703738,2,AUTOMATICO,55,113,INFO
29703789,2,AUTOMATICO,55,113,INFO
29703839,2,AUTOMATICO,55,113,INFO
29703890,2,AUTOMATICO,55,114,INFO
29703941,2,AUTOMATICO,56,114,INFO
29703992,2,AUTOMATICO,56,114,INFO
29704042,2,AUTOMATICO,56,114,INFO
29704093,2,AUTOMATICO,56,115,INFO
29704144,2,AUTOMATICO,57,115,INFO
29704195,2,AUTOMATICO,57,115,INFO
29704245,2,AUTOMATICO,57,116,INFO
29704296,2,AUTOMATICO,57,116,INFO
29704347,2,AUTOMATICO,57,117,INFO
29704399,2,AUTOMATICO,58,117,INFO
29704449,2,AUTOMATICO,58,117,INFO
29704501,2,AUTOMATICO,58,118,INFO
29704552,2,AUTOMATICO,58,118,INFO
29704603,2,AUTOMATICO,59,118,INFO
29704653,2,AUTOMATICO,59,119,INFO
29704704,2,AUTOMATICO,59,119,INFO
29704754,2,AUTOMATICO,59,119,INFO
29704805,2,AUTOMATICO,59,120,INFO
29704856,2,AUTOMATICO,60,120,INFO
29704907,2,AUTOMATICO,60,121,INFO
29704957,2,AUTOMATICO,60,121,INFO
29705008,2,AUTOMATICO,60,121,INFO
29705059,2,AUTOMATICO,61,122,INFO
29705110,2,AUTOMATICO,61,122,INFO
29705160,2,AUTOMATICO,61,122,INFO
29705211,2,AUTOMATICO,61,123,INFO
29705262,2,AUTOMATICO,62,123,INFO
29705313,2,AUTOMATICO,62,124,INFO
29705363,2,AUTOMATICO,62,124,INFO
29705414,2,AUTOMATICO,62,124,INFO
29705465,2,AUTOMATICO,63,125,INFO
29705516,2,AUTOMATICO,63,125,INFO
29705566,2,AUTOMATICO,63,126,INFO
29705617,2,AUTOMATICO,63,126,INFO
29705668,2,AUTOMATICO,64,127,INFO
29705719,2,AUTOMATICO,64,127,INFO
29705770,2,AUTOMATICO,64,127,INFO
29705820,2,AUTOMATICO,65,128,INFO
29705871,2,AUTOMATICO,65,128,INFO
29705921,2,AUTOMATICO,65,129,INFO
29705972,2,AUTOMATICO,65,129,INFO
29706023,2,AUTOMATICO,66,129,INFO
29706073,2,AUTOMATICO,66,130,INFO
29706124,2,AUTOMATICO,66,130,INFO
29706175,2,AUTOMATICO,66,131,INFO
29706226,2,AUTOMATICO,67,131,INFO
29706277,2,AUTOMATICO,67,132,INFO
29706327,2,AUTOMATICO,67,132,INFO
29706378,2,AUTOMATICO,67,132,INFO
29706429,2,AUTOMATICO,68,133,INFO
29706479,2,AUTOMATICO,68,133,INFO
29706530,2,AUTOMATICO,68,134,INFO
29706581,2,AUTOMATICO,69,134,INFO
29706632,2,AUTOMATICO,69,135,INFO
29706683,2,AUTOMATICO,69,135,INFO
29706734,2,AUTOMATICO,69,135,INFO
29706784,2,AUTOMATICO,70,136,INFO
29706836,2,AUTOMATICO,70,136,INFO
29706886,2,AUTOMATICO,70,137,INFO
29706937,2,AUTOMATICO,70,137,INFO
29706988,2,AUTOMATICO,71,138,INFO
29707039,2,AUTOMATICO,71,138,INFO
29707089,2,AUTOMATICO,71,139,INFO
29707140,2,AUTOMATICO,72,139,INFO
29707191,2,AUTOMATICO,72,139,INFO
29707241,2,AUTOMATICO,72,140,INFO
29707292,2,AUTOMATICO,72,140,INFO
29707342,2,AUTOMATICO,73,141,INFO
29707394,2,AUTOMATICO,73,141,INFO
29707445,2,AUTOMATICO,73,142,INFO
29707497,2,AUTOMATICO,74,142,INFO
29707547,2,AUTOMATICO,74,143,INFO
29707598,2,AUTOMATICO,74,143,INFO
29707649,2,AUTOMATICO,74,143,INFO
29707700,2,AUTOMATICO,75,144,INFO
29707751,2,AUTOMATICO,75,144,INFO
29707801,2,AUTOMATICO,75,145,INFO
29707852,2,AUTOMATICO,75,145,INFO
29707903,2,AUTOMATICO,76,146,INFO
29707954,2,AUTOMATICO,76,146,INFO
29708005,2,AUTOMATICO,76,147,INFO
29708056,2,AUTOMATICO,76,147,INFO
29708106,2,AUTOMATICO,77,147,INFO
29708157,2,AUTOMATICO,77,148,INFO
29708208,2,AUTOMATICO,77,148,INFO
29708259,2,AUTOMATICO,77,148,INFO
29708309,2,AUTOMATICO,78,149,INFO
29708360,2,AUTOMATICO,78,149,INFO
29708410,2,AUTOMATICO,78,149,INFO
29708461,2,AUTOMATICO,78,150,INFO
29708512,2,AUTOMATICO,78,150,INFO
29708563,2,AUTOMATICO,79,150,INFO
29708614,2,AUTOMATICO,79,151,INFO
29708664,2,AUTOMATICO,79,151,INFO
29708716,2,AUTOMATICO,79,151,INFO
29708766,2,AUTOMATICO,80,152,INFO
29708817,2,AUTOMATICO,80,152,INFO
29708868,2,AUTOMATICO,80,152,INFO
29708919,2,AUTOMATICO,80,153,INFO
29708969,2,AUTOMATICO,80,153,INFO
29709020,2,AUTOMATICO,80,153,INFO
29709071,2,AUTOMATICO,81,153,INFO
29709122,2,AUTOMATICO,81,154,INFO
29709172,2,AUTOMATICO,81,154,INFO
29709223,2,AUTOMATICO,81,154,INFO
29709274,2,AUTOMATICO,81,155,INFO
29709325,2,AUTOMATICO,82,155,INFO
29709375,2,AUTOMATICO,82,155,INFO
29709426,2,AUTOMATICO,82,155,INFO
29709477,2,AUTOMATICO,82,156,INFO
29709527,2,AUTOMATICO,82,156,INFO
29709579,2,AUTOMATICO,82,156,INFO
29709629,2,AUTOMATICO,83,156,INFO
29709680,2,AUTOMATICO,83,157,INFO
29709731,2,AUTOMATICO,83,157,INFO
29709781,2,AUTOMATICO,83,157,INFO
29709832,2,AUTOMATICO,83,157,INFO
29709883,2,AUTOMATICO,83,158,INFO
29709934,2,AUTOMATICO,84,158,INFO
29709984,2,AUTOMATICO,84,158,INFO
29710035,2,AUTOMATICO,84,158,INFO
29710086,2,AUTOMATICO,84,159,INFO
29710137,2,AUTOMATICO,84,159,INFO
29710187,2,AUTOMATICO,84,159,INFO
29710238,2,AUTOMATICO,84,159,INFO
29710289,2,AUTOMATICO,85,160,INFO
29710340,2,AUTOMATICO,85,160,INFO
29710391,2,AUTOMATICO,85,160,INFO
29710442,2,AUTOMATICO,85,160,INFO
29710492,2,AUTOMATICO,85,161,INFO
29710543,2,AUTOMATICO,85,161,INFO
29710594,2,AUTOMATICO,86,161,INFO
29710645,2,AUTOMATICO,86,161,INFO
29710696,2,AUTOMATICO,86,162,INFO
29710747,2,AUTOMATICO,86,162,INFO
29710797,2,AUTOMATICO,86,162,INFO
29710848,2,AUTOMATICO,86,162,INFO
29710899,2,AUTOMATICO,86,163,INFO
29710949,2,AUTOMATICO,87,163,INFO
29711000,2,AUTOMATICO,87,163,INFO
29711051,2,AUTOMATICO,87,163,INFO
29711101,2,AUTOMATICO,87,163,INFO
29711153,2,AUTOMATICO,87,164,INFO
29711204,2,AUTOMATICO,87,164,INFO
29711254,2,AUTOMATICO,87,164,INFO
29711305,2,AUTOMATICO,88,164,INFO
29711356,2,AUTOMATICO,88,165,INFO
29711407,2,AUTOMATICO,88,165,INFO
29711458,2,AUTOMATICO,88,165,INFO
29711508,2,AUTOMATICO,88,165,INFO
29711559,2,AUTOMATICO,88,166,INFO
29711610,2,AUTOMATICO,88,166,INFO
29711661,2,AUTOMATICO,89,166,INFO
29711712,2,AUTOMATICO,89,166,INFO
29711763,2,AUTOMATICO,89,166,INFO
29711814,2,AUTOMATICO,89,167,INFO
29711864,2,AUTOMATICO,89,167,INFO
29711915,2,AUTOMATICO,89,167,INFO
29711966,2,AUTOMATICO,89,167,INFO
29712017,2,AUTOMATICO,90,168,INFO
29712068,2,AUTOMATICO,90,168,INFO
29712118,2,AUTOMATICO,90,168,INFO
29712169,2,AUTOMATICO,90,168,INFO
29712220,2,AUTOMATICO,90,168,INFO
29712271,2,AUTOMATICO,90,169,INFO
29712322,2,AUTOMATICO,90,169,INFO
29712372,2,AUTOMATICO,91,169,INFO
29712424,2,AUTOMATICO,91,169,INFO
29712475,2,AUTOMATICO,91,170,INFO
29712526,2,AUTOMATICO,91,170,INFO
29712576,2,AUTOMATICO,91,170,INFO
29712627,2,AUTOMATICO,91,170,INFO
29712678,2,AUTOMATICO,91,171,INFO
29712729,2,AUTOMATICO,92,171,INFO
29712779,2,AUTOMATICO,92,171,INFO
29712830,2,AUTOMATICO,92,171,INFO
29712881,2,AUTOMATICO,92,171,INFO
29712931,2,AUTOMATICO,92,172,INFO
29712982,2,AUTOMATICO,92,172,INFO
29713033,2,AUTOMATICO,92,172,INFO
29713084,2,AUTOMATICO,93,172,INFO
29713134,2,AUTOMATICO,93,173,INFO
29713185,2,AUTOMATICO,93,173,INFO
29713236,2,AUTOMATICO,93,173,INFO
29713287,2,AUTOMATICO,93,173,INFO
29713337,2,AUTOMATICO,93,173,INFO
29713388,2,AUTOMATICO,93,174,INFO
29713439,2,AUTOMATICO,94,174,INFO
29713490,2,AUTOMATICO,94,174,INFO
29713540,2,AUTOMATICO,94,174,INFO
29713591,2,AUTOMATICO,94,175,INFO
29713642,2,AUTOMATICO,94,175,INFO
29713693,2,AUTOMATICO,94,175,INFO
29713744,2,AUTOMATICO,94,175,INFO
29713794,2,AUTOMATICO,95,176,INFO
29713845,2,AUTOMATICO,95,176,INFO
29713896,2,AUTOMATICO,95,176,INFO
29713946,2,AUTOMATICO,95,176,INFO
29713997,2,AUTOMATICO,95,176,INFO
29714048,2,AUTOMATICO,95,177,INFO
29714099,2,AUTOMATICO,95,177,INFO
29714150,2,AUTOMATICO,96,177,INFO
29714201,2,AUTOMATICO,96,177,INFO
29714251,2,AUTOMATICO,96,178,INFO
29714302,2,AUTOMATICO,96,178,INFO
29714353,2,AUTOMATICO,96,178,INFO
29714403,2,AUTOMATICO,96,178,INFO
29714454,2,AUTOMATICO,96,178,INFO
29714505,2,AUTOMATICO,97,179,INFO
29714556,2,AUTOMATICO,97,179,INFO
29714606,2,AUTOMATICO,97,179,INFO
29714657,2,AUTOMATICO,97,179,INFO
29714708,2,AUTOMATICO,97,180,INFO
29714759,2,AUTOMATICO,97,180,INFO
29714810,2,AUTOMATICO,97,180,INFO
29714860,2,AUTOMATICO,98,180,INFO
29714911,2,AUTOMATICO,98,181,INFO
29714962,2,AUTOMATICO,98,181,INFO
29715013,2,AUTOMATICO,98,181,INFO
29715063,2,AUTOMATICO,98,181,INFO
29715114,2,AUTOMATICO,98,181,INFO
29715165,2,AUTOMATICO,98,182,INFO
29715216,2,AUTOMATICO,99,182,INFO
29715267,2,AUTOMATICO,99,182,INFO
29715317,2,AUTOMATICO,99,182,INFO
29715368,2,AUTOMATICO,99,183,INFO
29715419,2,AUTOMATICO,99,183,INFO
29715470,2,AUTOMATICO,99,183,INFO
29715520,2,AUTOMATICO,99,183,INFO
29715571,2,AUTOMATICO,100,183,INFO
29715622,2,AUTOMATICO,100,184,INFO
29715673,2,AUTOMATICO,100,184,INFO
29715724,2,AUTOMATICO,100,184,INFO
29715774,2,AUTOMATICO,100,184,INFO
29715825,2,AUTOMATICO,100,185,INFO
29715876,2,AUTOMATICO,100,185,INFO
29715927,2,AUTOMATICO,101,185,INFO
29715978,2,AUTOMATICO,101,185,INFO
29716028,2,AUTOMATICO,101,186,INFO
29716079,2,AUTOMATICO,101,186,INFO
29716130,2,AUTOMATICO,101,186,INFO
29716181,2,AUTOMATICO,101,186,INFO
29716232,2,AUTOMATICO,101,186,INFO
29716283,2,AUTOMATICO,102,187,INFO
29716334,2,AUTOMATICO,102,187,INFO
29716384,2,AUTOMATICO,102,187,INFO
29716435,2,AUTOMATICO,102,187,INFO
29716486,2,AUTOMATICO,102,188,INFO
29716537,2,AUTOMATICO,102,188,INFO
29716587,2,AUTOMATICO,102,188,INFO
29716638,2,AUTOMATICO,103,188,INFO
29716689,2,AUTOMATICO,103,189,INFO
29716740,2,AUTOMATICO,103,189,INFO
29716790,2,AUTOMATICO,103,189,INFO
29716841,2,AUTOMATICO,103,189,INFO
29716892,2,AUTOMATICO,103,189,INFO
29716942,2,AUTOMATICO,103,190,INFO
29716993,2,AUTOMATICO,104,190,INFO
29717044,2,AUTOMATICO,104,190,INFO
29717095,2,AUTOMATICO,104,190,INFO
29717146,2,AUTOMATICO,104,191,INFO
29717197,2,AUTOMATICO,104,191,INFO
29717248,2,AUTOMATICO,104,191,INFO
29717299,2,AUTOMATICO,104,191,INFO
29717349,2,AUTOMATICO,105,191,INFO
29717400,2,AUTOMATICO,105,192,INFO
29717451,2,AUTOMATICO,105,192,INFO
29717501,2,AUTOMATICO,105,192,INFO
29717552,2,AUTOMATICO,105,192,INFO
29717603,2,AUTOMATICO,105,193,INFO
29717654,2,AUTOMATICO,105,193,INFO
29717705,2,AUTOMATICO,106,193,INFO
29717756,2,AUTOMATICO,106,193,INFO
29717806,2,AUTOMATICO,106,194,INFO
29717857,2,AUTOMATICO,106,194,INFO
29717908,2,AUTOMATICO,106,194,INFO
29717959,2,AUTOMATICO,106,194,INFO
29718010,2,AUTOMATICO,106,194,INFO
29718060,2,AUTOMATICO,107,195,INFO
29718111,2,AUTOMATICO,107,195,INFO
29718162,2,AUTOMATICO,107,195,INFO
29718213,2,AUTOMATICO,107,195,INFO
29718263,2,AUTOMATICO,107,196,INFO
29718314,2,AUTOMATICO,107,196,INFO
29718365,2,AUTOMATICO,107,196,INFO
29718415,2,AUTOMATICO,108,196,INFO
29718466,2,AUTOMATICO,108,197,INFO
29718517,2,AUTOMATICO,108,197,INFO
29718568,2,AUTOMATICO,108,197,INFO
29718619,2,AUTOMATICO,108,197,INFO
29718670,2,AUTOMATICO,108,197,INFO
29718720,2,AUTOMATICO,108,198,INFO
29718771,2,AUTOMATICO,109,198,INFO
29718823,2,AUTOMATICO,109,198,INFO
29718873,2,AUTOMATICO,109,198,INFO
29718924,2,AUTOMATICO,109,199,INFO
29718974,2,AUTOMATICO,109,199,INFO
29719025,2,AUTOMATICO,109,199,INFO
29719076,2,AUTOMATICO,110,199,INFO
29719130,2,AUTOMATICO,110,200,INFO
29719178,2,AUTOMATICO,110,200,INFO
29719230,2,AUTOMATICO,110,200,INFO
29719280,2,AUTOMATICO,110,200,INFO
29719331,2,AUTOMATICO,110,200,INFO
29719383,2,AUTOMATICO,110,201,INFO
29719433,2,AUTOMATICO,111,201,INFO
29719484,2,AUTOMATICO,111,201,INFO
29719535,2,AUTOMATICO,111,201,INFO
29719585,2,AUTOMATICO,111,202,INFO
29719636,2,AUTOMATICO,111,202,INFO
29719687,2,AUTOMATICO,111,202,INFO
29719737,2,AUTOMATICO,111,202,INFO
29719788,2,AUTOMATICO,112,203,INFO
29719839,2,AUTOMATICO,112,203,INFO
29719890,2,AUTOMATICO,112,203,INFO
29719941,2,AUTOMATICO,112,203,INFO
29719992,2,AUTOMATICO,112,204,INFO
29720042,2,AUTOMATICO,112,204,INFO
29720093,2,AUTOMATICO,112,204,INFO
29720144,2,AUTOMATICO,113,204,INFO
29720195,2,AUTOMATICO,113,204,INFO
29720246,2,AUTOMATICO,113,205,INFO
29720297,2,AUTOMATICO,113,205,INFO
29720348,2,AUTOMATICO,113,205,INFO
29720398,2,AUTOMATICO,113,205,INFO
29720449,2,AUTOMATICO,114,206,INFO
29720500,2,AUTOMATICO,114,206,INFO
29720551,2,AUTOMATICO,114,206,INFO
29720601,2,AUTOMATICO,114,206,INFO
29720652,2,AUTOMATICO,114,207,INFO
29720703,2,AUTOMATICO,114,207,INFO
29720754,2,AUTOMATICO,114,207,INFO
29720804,2,AUTOMATICO,115,207,INFO
29720855,2,AUTOMATICO,115,207,INFO
29720906,2,AUTOMATICO,115,208,INFO
29720957,2,AUTOMATICO,115,208,INFO
29721007,2,AUTOMATICO,115,208,INFO
29721058,2,AUTOMATICO,115,208,INFO
29721109,2,AUTOMATICO,116,209,INFO
29721160,2,AUTOMATICO,116,209,INFO
29721210,2,AUTOMATICO,116,209,INFO
29721261,2,AUTOMATICO,116,209,INFO
29721312,2,AUTOMATICO,116,210,INFO
29721363,2,AUTOMATICO,116,210,INFO
29721414,2,AUTOMATICO,116,210,INFO
29721465,2,AUTOMATICO,117,210,INFO
29721516,2,AUTOMATICO,117,211,INFO
29721566,2,AUTOMATICO,117,211,INFO
29721617,2,AUTOMATICO,117,211,INFO
29721668,2,AUTOMATICO,117,211,INFO
29721719,2,AUTOMATICO,117,211,INFO
29721770,2,AUTOMATICO,118,212,INFO
29721821,2,AUTOMATICO,118,212,INFO
29721871,2,AUTOMATICO,118,212,INFO
29721922,2,AUTOMATICO,118,212,INFO
29721973,2,AUTOMATICO,118,213,INFO
29722024,2,AUTOMATICO,118,213,INFO
29722074,2,AUTOMATICO,118,213,INFO
29722125,2,AUTOMATICO,119,213,INFO
29722176,2,AUTOMATICO,119,214,INFO
29722227,2,AUTOMATICO,119,214,INFO
29722278,2,AUTOMATICO,119,214,INFO
29722329,2,AUTOMATICO,119,214,INFO
29722379,2,AUTOMATICO,119,215,INFO
29722430,2,AUTOMATICO,120,215,INFO
29722481,2,AUTOMATICO,120,215,INFO
29722532,2,AUTOMATICO,120,215,INFO
29722582,2,AUTOMATICO,120,215,INFO
29722634,2,AUTOMATICO,120,216,INFO
29722684,2,AUTOMATICO,120,216,INFO
29722735,2,AUTOMATICO,120,216,INFO
29722786,2,AUTOMATICO,121,216,INFO
29722836,2,AUTOMATICO,121,217,INFO
29722887,2,AUTOMATICO,121,217,INFO
29722938,2,AUTOMATICO,121,217,INFO
29722989,2,AUTOMATICO,121,217,INFO
29723039,2,AUTOMATICO,121,218,INFO
29723090,2,AUTOMATICO,122,218,INFO
29723141,2,AUTOMATICO,122,218,INFO
29723191,2,AUTOMATICO,122,218,INFO
29723250,2,AUTOMATICO,122,219,INFO
29723293,2,AUTOMATICO,122,219,INFO
29723344,2,AUTOMATICO,122,219,INFO
29723395,2,AUTOMATICO,122,219,INFO
29723446,2,AUTOMATICO,123,220,INFO
29723496,2,AUTOMATICO,123,220,INFO
29723547,2,AUTOMATICO,123,220,INFO
29723598,2,AUTOMATICO,123,220,INFO
29723649,2,AUTOMATICO,123,220,INFO
29723700,2,AUTOMATICO,123,221,INFO
29723751,2,AUTOMATICO,124,221,INFO
29723801,2,AUTOMATICO,124,221,INFO
29723852,2,AUTOMATICO,124,221,INFO
29723903,2,AUTOMATICO,124,222,INFO
29723954,2,AUTOMATICO,124,222,INFO
29724004,2,AUTOMATICO,124,222,INFO
29724055,2,AUTOMATICO,124,222,INFO
29724106,2,AUTOMATICO,125,223,INFO
29724157,2,AUTOMATICO,125,223,INFO
29724208,2,AUTOMATICO,125,223,INFO
29724259,2,AUTOMATICO,125,223,INFO
29724309,2,AUTOMATICO,125,224,INFO
29724360,2,AUTOMATICO,125,224,INFO
29724411,2,AUTOMATICO,126,224,INFO
29724461,2,AUTOMATICO,126,224,INFO
29724512,2,AUTOMATICO,126,224,INFO
29724563,2,AUTOMATICO,126,225,INFO
29724613,2,AUTOMATICO,126,225,INFO
29724664,2,AUTOMATICO,126,225,INFO
29724715,2,AUTOMATICO,127,225,INFO
29724766,2,AUTOMATICO,127,226,INFO
29724817,2,AUTOMATICO,127,226,INFO
29724867,2,AUTOMATICO,127,226,INFO
29724918,2,AUTOMATICO,128,226,INFO
29724969,2,AUTOMATICO,128,227,INFO
29725020,2,AUTOMATICO,128,227,INFO
29725070,2,AUTOMATICO,129,227,INFO
29725121,2,AUTOMATICO,129,227,INFO
29725172,2,AUTOMATICO,129,227,INFO
29725223,2,AUTOMATICO,130,228,INFO
29725273,2,AUTOMATICO,130,228,INFO
29725324,2,AUTOMATICO,130,228,INFO
29725375,2,AUTOMATICO,131,228,INFO
29725426,2,AUTOMATICO,131,228,INFO
29725476,2,AUTOMATICO,131,229,INFO
29725527,2,AUTOMATICO,132,229,INFO
29725578,2,AUTOMATICO,132,229,INFO
29725629,2,AUTOMATICO,132,229,INFO
29725680,2,AUTOMATICO,133,229,INFO
29725731,2,AUTOMATICO,133,229,INFO
29725781,2,AUTOMATICO,134,229,INFO
29725832,2,AUTOMATICO,134,230,INFO
29725883,2,AUTOMATICO,134,230,INFO
29725933,2,AUTOMATICO,135,230,INFO
29725984,2,AUTOMATICO,135,230,INFO
29726035,2,AUTOMATICO,136,230,INFO
29726086,2,AUTOMATICO,136,230,INFO
29726137,2,AUTOMATICO,136,230,INFO
29726188,2,AUTOMATICO,137,230,INFO
29726239,2,AUTOMATICO,137,231,INFO
29726289,2,AUTOMATICO,138,231,INFO
29726340,2,AUTOMATICO,138,231,INFO
29726390,2,AUTOMATICO,139,231,INFO
29726442,2,AUTOMATICO,139,231,INFO
29726492,2,AUTOMATICO,140,231,INFO
29726543,2,AUTOMATICO,140,231,INFO
29726594,2,AUTOMATICO,140,231,INFO
29726645,2,AUTOMATICO,141,231,INFO
29726696,2,AUTOMATICO,141,231,INFO
29726747,2,AUTOMATICO,142,231,INFO
29726797,2,AUTOMATICO,142,232,INFO
29726848,2,AUTOMATICO,143,232,INFO
29726899,2,AUTOMATICO,143,232,INFO
29726950,2,AUTOMATICO,144,232,INFO
29727000,2,AUTOMATICO,144,232,INFO
29727051,2,AUTOMATICO,145,232,INFO
29727102,2,AUTOMATICO,145,232,INFO
29727152,2,AUTOMATICO,146,232,INFO
29727203,2,AUTOMATICO,146,232,INFO
29727254,2,AUTOMATICO,147,232,INFO
29727305,2,AUTOMATICO,147,232,INFO
29727355,2,AUTOMATICO,148,232,INFO
29727406,2,AUTOMATICO,148,232,INFO
29727457,2,AUTOMATICO,149,232,INFO
29727509,2,AUTOMATICO,149,232,INFO
29727559,2,AUTOMATICO,150,232,INFO
29727610,2,AUTOMATICO,150,232,INFO
29727660,2,AUTOMATICO,151,233,INFO
29727711,2,AUTOMATICO,151,233,INFO
29727762,2,AUTOMATICO,152,233,INFO
29727813,2,AUTOMATICO,152,233,INFO
29727864,2,AUTOMATICO,153,233,INFO
29727915,2,AUTOMATICO,153,233,INFO
29727965,2,AUTOMATICO,154,233,INFO
29728016,2,AUTOMATICO,154,233,INFO
29728067,2,AUTOMATICO,155,233,INFO
29728118,2,AUTOMATICO,155,233,INFO
29728169,2,AUTOMATICO,156,233,INFO
29728220,2,AUTOMATICO,156,233,INFO
29728271,2,AUTOMATICO,157,233,INFO
29728322,2,AUTOMATICO,157,233,INFO
29728373,2,AUTOMATICO,158,233,INFO
29728423,2,AUTOMATICO,158,233,INFO
29728474,2,AUTOMATICO,159,233,INFO
29728525,2,AUTOMATICO,160,233,INFO
29728575,2,AUTOMATICO,160,233,INFO
29728626,2,AUTOMATICO,161,233,INFO
29728677,2,AUTOMATICO,161,233,INFO
29728728,2,AUTOMATICO,162,233,INFO
29728779,2,AUTOMATICO,162,233,INFO
29728830,2,AUTOMATICO,163,233,INFO
29728880,2,AUTOMATICO,163,233,INFO
29728931,2,AUTOMATICO,164,233,INFO
29728982,2,AUTOMATICO,164,233,INFO
29729033,2,AUTOMATICO,165,233,INFO
29729084,2,AUTOMATICO,165,233,INFO
29729135,2,AUTOMATICO,166,233,INFO
29729185,2,AUTOMATICO,166,233,INFO
29729236,2,AUTOMATICO,167,233,INFO
29729287,2,AUTOMATICO,167,233,INFO
29729338,2,AUTOMATICO,168,233,INFO
29729389,2,AUTOMATICO,169,233,INFO
29729440,2,AUTOMATICO,169,233,INFO
29729490,2,AUTOMATICO,170,233,INFO
29729542,2,AUTOMATICO,170,233,INFO
29729593,2,AUTOMATICO,171,234,INFO
29729643,2,AUTOMATICO,171,234,INFO
29729694,2,AUTOMATICO,172,234,INFO
29729745,2,AUTOMATICO,172,234,INFO
29729796,2,AUTOMATICO,173,234,INFO
29729846,2,AUTOMATICO,173,234,INFO
29729897,2,AUTOMATICO,174,234,INFO
29729948,2,AUTOMATICO,174,234,INFO
29729999,2,AUTOMATICO,175,234,INFO
29730050,2,AUTOMATICO,175,234,INFO
29730100,2,AUTOMATICO,176,234,INFO
29730151,2,AUTOMATICO,177,234,INFO
29730202,2,AUTOMATICO,177,234,INFO
29730252,2,AUTOMATICO,178,234,INFO
29730303,2,AUTOMATICO,178,234,INFO
29730354,2,AUTOMATICO,179,234,INFO
29730405,2,AUTOMATICO,179,234,INFO
29730456,2,AUTOMATICO,180,234,INFO
29730507,2,AUTOMATICO,180,234,INFO
29730557,2,AUTOMATICO,181,234,INFO
29730608,2,AUTOMATICO,181,234,INFO
29730659,2,AUTOMATICO,182,234,INFO
29730710,2,AUTOMATICO,182,234,INFO
29730761,2,AUTOMATICO,183,234,INFO
29730812,2,AUTOMATICO,183,234,INFO
29730863,2,AUTOMATICO,184,234,INFO
29730913,2,AUTOMATICO,185,234,INFO
29730964,2,AUTOMATICO,185,234,INFO
29731015,2,AUTOMATICO,186,234,INFO
29731066,2,AUTOMATICO,186,234,INFO
29731116,2,AUTOMATICO,187,234,INFO
29731167,2,AUTOMATICO,187,234,INFO
29731218,2,AUTOMATICO,188,234,INFO
29731269,2,AUTOMATICO,188,234,INFO
29731320,2,AUTOMATICO,189,234,INFO
29731370,2,AUTOMATICO,189,234,INFO
29731421,2,AUTOMATICO,190,234,INFO
29731472,2,AUTOMATICO,190,234,INFO
29731523,2,AUTOMATICO,191,234,INFO
29731574,2,AUTOMATICO,192,234,INFO
29731625,2,AUTOMATICO,192,234,INFO
29731676,2,AUTOMATICO,193,234,INFO
29731726,2,AUTOMATICO,193,234,INFO
29731777,2,AUTOMATICO,194,234,INFO
29731828,2,AUTOMATICO,194,234,INFO
29731879,2,AUTOMATICO,195,234,INFO
29731929,2,AUTOMATICO,195,234,INFO
29731980,2,AUTOMATICO,196,234,INFO
29732031,2,AUTOMATICO,196,234,INFO
29732082,2,AUTOMATICO,197,234,INFO
29732133,2,AUTOMATICO,197,234,INFO
29732183,2,AUTOMATICO,198,234,INFO
29732234,2,AUTOMATICO,198,234,INFO
29732285,2,AUTOMATICO,199,234,INFO
29732336,2,AUTOMATICO,200,234,INFO
29732387,2,AUTOMATICO,200,234,INFO
29732437,2,AUTOMATICO,201,234,INFO
29732488,2,AUTOMATICO,201,234,INFO
29732539,2,AUTOMATICO,202,234,INFO
29732590,2,AUTOMATICO,202,234,INFO
29732641,2,AUTOMATICO,203,234,INFO
29732692,2,AUTOMATICO,203,234,INFO
29732742,2,AUTOMATICO,204,234,INFO
29732793,2,AUTOMATICO,204,234,INFO
29732844,2,AUTOMATICO,205,234,INFO
29732895,2,AUTOMATICO,205,234,INFO
29732946,2,AUTOMATICO,206,234,INFO
29732996,2,AUTOMATICO,207,234,INFO
29733047,2,AUTOMATICO,207,234,INFO
29733098,2,AUTOMATICO,208,234,INFO
29733149,2,AUTOMATICO,208,234,INFO
29733200,2,AUTOMATICO,209,234,INFO
29733251,2,AUTOMATICO,209,234,INFO
29733301,2,AUTOMATICO,210,234,INFO
29733352,2,AUTOMATICO,210,234,INFO
29733403,2,AUTOMATICO,211,234,INFO
29733454,2,AUTOMATICO,211,234,INFO
29733505,2,AUTOMATICO,212,234,INFO
29733556,2,AUTOMATICO,212,234,INFO
29733606,2,AUTOMATICO,213,234,INFO
29733657,2,AUTOMATICO,213,234,INFO
29733709,2,AUTOMATICO,214,234,INFO
29733760,2,AUTOMATICO,215,234,INFO
29733811,2,AUTOMATICO,215,234,INFO
29733862,2,AUTOMATICO,216,234,INFO
29733912,2,AUTOMATICO,216,234,INFO
29733963,2,AUTOMATICO,217,234,INFO
29734014,2,AUTOMATICO,217,234,INFO
29734065,2,AUTOMATICO,218,234,INFO
29734116,2,AUTOMATICO,218,234,INFO
29734168,2,AUTOMATICO,219,234,INFO
29734219,2,AUTOMATICO,219,234,INFO
29734269,2,AUTOMATICO,220,234,INFO
29734319,2,AUTOMATICO,220,234,INFO
29734370,2,AUTOMATICO,221,234,INFO
29734421,2,AUTOMATICO,222,234,INFO
29734472,2,AUTOMATICO,222,234,INFO
29734522,2,AUTOMATICO,223,234,INFO
29734573,2,AUTOMATICO,223,234,INFO
29734624,2,AUTOMATICO,224,234,INFO
29734675,2,AUTOMATICO,224,235,INFO
29734725,2,AUTOMATICO,225,235,INFO
29734777,2,AUTOMATICO,225,235,INFO
29734827,2,AUTOMATICO,226,235,INFO
29734878,2,AUTOMATICO,226,235,INFO
29734928,2,AUTOMATICO,227,235,INFO
29734979,2,AUTOMATICO,227,235,INFO
29735030,2,AUTOMATICO,228,235,INFO
29735080,2,AUTOMATICO,229,235,INFO
29735131,2,AUTOMATICO,229,235,INFO
29735182,2,AUTOMATICO,230,235,INFO
29735233,2,AUTOMATICO,230,235,INFO
29735284,2,AUTOMATICO,231,235,INFO
29735335,2,AUTOMATICO,231,235,INFO
29735385,2,AUTOMATICO,232,235,INFO
29735436,2,AUTOMATICO,232,235,INFO
29735487,2,AUTOMATICO,233,235,INFO
29735538,2,AUTOMATICO,233,235,INFO
29735588,2,AUTOMATICO,234,235,INFO
29735639,2,AUTOMATICO,234,235,INFO
29735689,2,AUTOMATICO,235,235,INFO
29735741,2,AUTOMATICO,235,235,INFO
29735791,2,AUTOMATICO,236,235,INFO
29735843,2,AUTOMATICO,236,235,INFO
29735893,2,AUTOMATICO,237,235,INFO
29735944,2,AUTOMATICO,238,235,INFO
29735995,2,AUTOMATICO,238,235,INFO
29736045,2,AUTOMATICO,239,236,INFO
29736096,2,AUTOMATICO,239,236,INFO
29736147,2,AUTOMATICO,240,236,INFO
29736197,2,AUTOMATICO,240,236,INFO
29736248,2,AUTOMATICO,241,236,INFO
29736299,2,AUTOMATICO,241,236,INFO
29736350,2,AUTOMATICO,242,236,INFO
29736400,2,AUTOMATICO,242,237,INFO
29736451,2,AUTOMATICO,243,237,INFO
29736502,2,AUTOMATICO,243,237,INFO
29736552,2,AUTOMATICO,244,237,INFO
29736603,2,AUTOMATICO,244,237,INFO
29736654,2,AUTOMATICO,245,238,INFO
29736704,2,AUTOMATICO,245,238,INFO
29736755,2,AUTOMATICO,246,238,INFO
29736806,2,AUTOMATICO,246,238,INFO
29736857,2,AUTOMATICO,247,238,INFO
29736907,2,AUTOMATICO,247,239,INFO
29736958,2,AUTOMATICO,248,239,INFO
29737009,2,AUTOMATICO,248,239,INFO
29737061,2,AUTOMATICO,248,239,INFO
29737111,2,AUTOMATICO,249,240,INFO
29737162,2,AUTOMATICO,249,240,INFO
29737212,2,AUTOMATICO,250,240,INFO
29737263,2,AUTOMATICO,250,240,INFO
29737314,2,AUTOMATICO,251,241,INFO
29737364,2,AUTOMATICO,251,241,INFO
29737415,2,AUTOMATICO,252,241,INFO
29737466,2,AUTOMATICO,252,241,INFO
29737517,2,AUTOMATICO,253,242,INFO
29737567,2,AUTOMATICO,253,242,INFO
29737618,2,AUTOMATICO,254,242,INFO
29737669,2,AUTOMATICO,254,242,INFO
29737720,2,AUTOMATICO,255,243,INFO
29737771,2,AUTOMATICO,255,243,INFO
29737823,2,AUTOMATICO,256,243,FALHA_ELET
29737873,2,AUTOMATICO,256,244,FALHA_ELET
29737924,2,DEFEITO,256,244,FALHA_ELET
29737974,2,DEFEITO,257,244,FALHA_ELET
29738025,2,DEFEITO,257,244,FALHA_ELET
29738076,2,DEFEITO,258,245,FALHA_ELET
29738126,2,DEFEITO,258,245,FALHA_ELET
29738177,2,DEFEITO,259,245,FALHA_ELET
29738228,2,DEFEITO,259,245,FALHA_ELET
29738280,2,DEFEITO,260,246,FALHA_ELET
29738332,2,DEFEITO,260,246,FALHA_ELET
29738383,2,DEFEITO,260,246,FALHA_ELET
29738433,2,DEFEITO,261,246,FALHA_ELET
29738484,2,DEFEITO,261,247,FALHA_ELET
29738535,2,DEFEITO,262,247,FALHA_ELET
29738585,2,DEFEITO,262,247,FALHA_ELET
29738636,2,DEFEITO,262,247,FALHA_ELET
29738688,2,DEFEITO,263,248,FALHA_ELET
29738738,2,DEFEITO,263,248,FALHA_ELET
29738788,2,DEFEITO,263,248,FALHA_ELET
29738839,2,DEFEITO,263,248,FALHA_ELET
29738890,2,DEFEITO,264,248,FALHA_ELET
29738940,2,DEFEITO,264,249,FALHA_ELET
29738992,2,DEFEITO,264,249,FALHA_ELET
29739042,2,DEFEITO,265,249,FALHA_ELET
29739093,2,DEFEITO,265,249,FALHA_ELET
29739144,2,DEFEITO,265,249,FALHA_ELET
29739195,2,DEFEITO,265,250,FALHA_ELET
29739246,2,DEFEITO,266,250,FALHA_ELET
29739296,2,DEFEITO,266,250,FALHA_ELET
29739347,2,DEFEITO,266,250,FALHA_ELET
29739398,2,DEFEITO,266,250,INFO
29739449,2,MANUAL,266,250,INFO
29739500,2,MANUAL,267,251,INFO
29739550,2,MANUAL,267,251,INFO
29739601,2,MANUAL,267,251,INFO
29739653,2,MANUAL,267,251,INFO
29739702,2,MANUAL,268,251,INFO
29739754,2,MANUAL,268,251,INFO
29739804,2,MANUAL,268,251,INFO
29739854,2,MANUAL,268,252,INFO
29739905,2,MANUAL,268,252,INFO
29739956,2,MANUAL,268,252,INFO
29740007,2,MANUAL,269,252,INFO
29740058,2,MANUAL,269,252,INFO
29740109,2,MANUAL,269,252,INFO
29740159,2,MANUAL,269,252,INFO
29740214,2,MANUAL,269,252,INFO
29740265,2,MANUAL,269,253,INFO
29740314,2,MANUAL,270,253,INFO
29740365,2,MANUAL,270,253,INFO
29740417,2,MANUAL,270,253,INFO
29740467,2,MANUAL,270,253,INFO
29740518,2,MANUAL,270,253,INFO
29740568,2,MANUAL,270,253,INFO
29740619,2,MANUAL,270,253,INFO
29740670,2,MANUAL,270,253,INFO
29740721,2,MANUAL,271,254,INFO
29740771,2,MANUAL,271,254,INFO
29740822,2,MANUAL,271,254,INFO
29740873,2,MANUAL,271,254,INFO
29740924,2,MANUAL,271,254,INFO
29740975,2,MANUAL,271,254,INFO
29741025,2,MANUAL,271,254,INFO
29741076,2,MANUAL,271,254,INFO
29741127,2,MANUAL,271,254,INFO
29741178,2,MANUAL,272,254,INFO
29741228,2,MANUAL,272,254,INFO
29741280,2,MANUAL,272,254,INFO
29741330,2,MANUAL,272,254,INFO
29741381,2,MANUAL,272,255,INFO
29741432,2,MANUAL,272,255,INFO
29741483,2,MANUAL,272,255,INFO
29741533,2,MANUAL,272,255,INFO
29741584,2,MANUAL,272,255,INFO
29741635,2,MANUAL,272,255,INFO
29741686,2,MANUAL,272,255,INFO
29741737,2,MANUAL,272,255,INFO
29741787,2,MANUAL,272,255,INFO
29741838,2,MANUAL,272,255,INFO
29741890,2,MANUAL,273,255,INFO
29741940,2,MANUAL,273,255,INFO
29741990,2,MANUAL,273,255,INFO
29742042,2,MANUAL,273,255,INFO
29742092,2,MANUAL,273,255,INFO
29742143,2,MANUAL,273,255,INFO
29742194,2,MANUAL,273,255,INFO
29742245,2,MANUAL,273,256,INFO
29742295,2,MANUAL,273,256,INFO
29742346,2,MANUAL,273,256,INFO
29742397,2,MANUAL,273,256,INFO
29742448,2,MANUAL,273,256,INFO
29742499,2,MANUAL,273,256,INFO
29742550,2,MANUAL,273,256,INFO
29742600,2,MANUAL,273,256,INFO
29742651,2,MANUAL,273,256,INFO
29742702,2,MANUAL,273,256,INFO
29742753,2,MANUAL,273,256,INFO
29742803,2,MANUAL,273,256,INFO
29742854,2,MANUAL,273,256,INFO
29742905,2,MANUAL,273,256,INFO
29742956,2,MANUAL,273,256,INFO
29743007,2,MANUAL,274,256,INFO
29743058,2,MANUAL,274,256,INFO
29743109,2,MANUAL,274,256,INFO
29743159,2,MANUAL,274,256,INFO
29743210,2,MANUAL,274,256,INFO
29743261,2,MANUAL,274,256,INFO
29743312,2,MANUAL,274,256,INFO
29743362,2,MANUAL,274,256,INFO
29743413,2,MANUAL,274,256,INFO
29743464,2,MANUAL,274,256,INFO
29743516,2,MANUAL,274,256,INFO
29743565,2,MANUAL,274,256,INFO
29743616,2,MANUAL,274,256,INFO
29743667,2,MANUAL,274,256,INFO
29743718,2,MANUAL,274,256,INFO
29743769,2,MANUAL,274,257,INFO
29743819,2,MANUAL,274,257,INFO
29743870,2,MANUAL,274,257,INFO
29743921,2,MANUAL,274,257,INFO
29743972,2,MANUAL,274,257,INFO
29744023,2,MANUAL,274,257,INFO
29744073,2,MANUAL,274,257,INFO
29744124,2,MANUAL,274,257,INFO
29744175,2,MANUAL,274,257,INFO
29744226,2,MANUAL,274,257,INFO
29744277,2,MANUAL,274,257,INFO
29744327,2,MANUAL,274,257,INFO
29744378,2,MANUAL,274,257,INFO
29744429,2,MANUAL,274,257,INFO
29744480,2,MANUAL,274,257,INFO
29744531,2,MANUAL,274,257,INFO
29744583,2,MANUAL,274,257,INFO
29744633,2,MANUAL,274,257,INFO
29744683,2,MANUAL,274,257,INFO
29744734,2,MANUAL,274,257,INFO
29744785,2,MANUAL,274,257,INFO
29744835,2,MANUAL,274,257,INFO
29744886,2,MANUAL,274,257,INFO
29744938,2,MANUAL,274,257,INFO
29744988,2,MANUAL,274,257,INFO
29745039,2,MANUAL,274,257,INFO
29745090,2,MANUAL,274,257,INFO
29745140,2,MANUAL,274,257,INFO
29745191,2,MANUAL,274,257,INFO
29745243,2,MANUAL,274,257,INFO
29745293,2,MANUAL,274,257,INFO
29745344,2,MANUAL,274,257,INFO
29745395,2,MANUAL,274,257,INFO
29745446,2,MANUAL,274,257,INFO
29745497,2,MANUAL,274,257,INFO
29745547,2,MANUAL,274,257,INFO
29745598,2,MANUAL,274,257,INFO
29745649,2,MANUAL,274,257,INFO
29745700,2,MANUAL,274,257,INFO
29745751,2,MANUAL,274,257,INFO
29745801,2,MANUAL,274,257,INFO
29745852,2,MANUAL,274,257,INFO
29745903,2,MANUAL,274,257,INFO
29745954,2,MANUAL,274,257,INFO
29746005,2,MANUAL,274,257,INFO
29746056,2,MANUAL,274,257,INFO
29746106,2,MANUAL,274,257,INFO
29746157,2,MANUAL,274,257,INFO
29746209,2,MANUAL,274,257,INFO
29746259,2,MANUAL,274,257,INFO
29746310,2,MANUAL,274,257,INFO
29746361,2,MANUAL,274,257,INFO
29746412,2,MANUAL,274,257,INFO
29746463,2,MANUAL,274,257,INFO
29746514,2,MANUAL,274,257,INFO
29746564,2,MANUAL,274,257,INFO
29746615,2,MANUAL,274,257,INFO
29746666,2,MANUAL,274,257,INFO
29746716,2,MANUAL,274,257,INFO
29746767,2,MANUAL,274,257,INFO
29746819,2,MANUAL,275,257,INFO
29746869,2,MANUAL,275,257,INFO
29746920,2,MANUAL,275,257,INFO
29746971,2,MANUAL,275,257,INFO
29747021,2,MANUAL,275,257,INFO
29747072,2,MANUAL,275,257,INFO
29747123,2,MANUAL,275,257,INFO
29747174,2,MANUAL,275,257,INFO
29747225,2,MANUAL,275,257,INFO
29747275,2,MANUAL,275,257,INFO
29747326,2,MANUAL,275,257,INFO
29747377,2,MANUAL,275,257,INFO
29747428,2,MANUAL,275,257,INFO
29747478,2,MANUAL,275,257,INFO
29747529,2,MANUAL,275,257,INFO
29747580,2,MANUAL,275,257,INFO
29747630,2,MANUAL,275,257,INFO
29747681,2,MANUAL,275,257,INFO
29747732,2,MANUAL,275,257,INFO
29747783,2,MANUAL,275,257,INFO
29747834,2,MANUAL,275,257,INFO
29747885,2,MANUAL,275,257,INFO
29747935,2,MANUAL,275,257,INFO
29747986,2,MANUAL,275,257,INFO
29748037,2,MANUAL,275,257,INFO
29748088,2,MANUAL,275,257,INFO
29748138,2,MANUAL,275,257,INFO
29748189,2,MANUAL,275,257,INFO
29748240,2,MANUAL,275,257,INFO
29748291,2,MANUAL,275,257,INFO
29748341,2,MANUAL,275,257,INFO
29748392,2,MANUAL,275,257,INFO
29748443,2,MANUAL,275,257,INFO
29748493,2,MANUAL,275,257,INFO
29748544,2,MANUAL,275,257,INFO
29748595,2,MANUAL,275,257,INFO
29748646,2,MANUAL,275,257,INFO
29748697,2,MANUAL,275,257,INFO
29748748,2,MANUAL,275,257,INFO
29748801,2,MANUAL,275,257,INFO
29748850,2,MANUAL,275,257,INFO
29748900,2,MANUAL,275,257,INFO
